ID,Part of speech,Group,Chapter,Dictionary / word,Polite form,English,Korean example,English example,Source,Notes
w001,Pronoun,Pronouns,1,저,,I / me (humble),저는 물을 마셔요.,I drink water.,Original vocabulary,
w002,Pronoun,Pronouns,1,나,,I / me (casual),나는 밥을 먹어요.,I eat a meal.,Original vocabulary,
w003,Pronoun,Pronouns,2,여기,,here,여기에 있어요.,It is here.,Original vocabulary,
w004,Pronoun,Pronouns,2,거기,,there (near you / previously mentioned),거기에서 만나요.,We meet there.,Original vocabulary,
w005,Pronoun,Pronouns,2,저기,,over there,저기에 가요.,I go over there.,Original vocabulary,
w006,Pronoun,Pronouns,2,어디,,where,어디에 가요?,Where are you going?,Original vocabulary,
w007,Pronoun,Pronouns,5,여러분,,you all / everyone (addressing a group),여러분에게 말해요.,I speak to you all.,Original vocabulary,
w008,Pronoun,Pronouns,5,누구,,who,누가 와요?,Who is coming?,Original vocabulary,
w009,Noun,People and family,1,친구,,friend,친구가 와요.,A friend is coming.,Original vocabulary,
w010,Noun,People and family,1,학생,,student,학생은 공부해요.,The student studies.,Original vocabulary,
w011,Noun,People and family,1,선생님,,teacher,선생님이 답을 써요.,The teacher writes the answer.,Original vocabulary,
w012,Noun,People and family,1,사람,,person,사람이 많아요.,There are many people.,Original vocabulary,
w013,Noun,People and family,1,가족,,family,가족은 사진을 봐요.,The family looks at photos.,Original vocabulary,
w014,Noun,People and family,1,아이,,child / kid,아이가 와요.,A child is coming.,Original vocabulary,
w015,Noun,People and family,1,부모님,,parents (respectful),부모님은 커피를 마셔요.,My parents drink coffee.,Original vocabulary,
w016,Noun,People and family,1,동생,,younger sibling,동생이 밥을 먹어요.,My younger sibling eats a meal.,Original vocabulary,
w017,Noun,Study and items,1,이름,,name,이름을 써요.,I write my name.,Original vocabulary,
w018,Noun,Study and items,1,책,,book,책을 읽어요.,I read a book.,Original vocabulary,
w019,Noun,Study and items,1,공책,,notebook,공책을 봐요.,I look at the notebook.,Original vocabulary,
w020,Noun,Study and items,1,연필,,pencil,연필로 이름을 써요.,I write my name with a pencil.,Original vocabulary,
w021,Noun,Study and items,1,가방,,bag,가방이 커요.,The bag is big.,Original vocabulary,
w022,Noun,Study and items,1,사진,,photo,사진을 봐요.,I look at photos.,Original vocabulary,
w023,Noun,Study and items,1,숙제,,homework,숙제를 해요.,I do homework.,Original vocabulary,
w024,Noun,Food and drink,1,물,,water,물을 마셔요.,I drink water.,Original vocabulary,
w025,Noun,Food and drink,1,밥,,cooked rice / meal,밥을 먹어요.,I eat a meal.,Original vocabulary,
w026,Noun,Food and drink,1,커피,,coffee,커피를 마셔요.,I drink coffee.,Original vocabulary,
w027,Noun,Places,1,집,,home / house,집이 커요.,The house is big.,Original vocabulary,
w028,Noun,Places,1,학교,,school,학교가 커요.,The school is big.,Original vocabulary,
w029,Noun,Places,1,회사,,company / workplace,회사에 가요.,I go to work.,Original vocabulary,
w030,Noun,Places,1,한국,,Korea,한국에 가요.,I go to Korea.,Original vocabulary,
w031,Noun,Languages and general,1,한국어,,Korean language,한국어가 어려워요.,Korean is difficult.,Original vocabulary,
w032,Noun,Languages and general,1,시간,,time,시간이 있어요.,I have time.,Original vocabulary,
w033,Noun,Languages and general,1,날씨,,weather,날씨가 좋아요.,The weather is good.,Original vocabulary,
w034,Noun,Languages and general,1,문제,,problem / exercise question,문제가 어려워요.,The question is difficult.,Original vocabulary,
w035,Noun,Languages and general,1,답,,answer / solution,답을 써요.,I write the answer.,Original vocabulary,
w036,Verb,Everyday actions,1,오다,와요,come,친구가 와요.,A friend is coming.,Original vocabulary,
w037,Verb,Everyday actions,1,가다,가요,go,학교에 가요.,I go to school.,Original vocabulary,
w038,Verb,Everyday actions,1,먹다,먹어요,eat,밥을 먹어요.,I eat a meal.,Original vocabulary,
w039,Verb,Everyday actions,1,마시다,마셔요,drink,물을 마셔요.,I drink water.,Original vocabulary,
w040,Verb,Everyday actions,1,보다,봐요,see / watch / look at,사진을 봐요.,I look at photos.,Original vocabulary,
w041,Verb,Everyday actions,1,읽다,읽어요,read,책을 읽어요.,I read a book.,Original vocabulary,
w042,Verb,Everyday actions,1,쓰다,써요,write; use; wear (a hat / glasses),볼펜으로 이름을 써요.,I write my name with a ballpoint pen.,Original vocabulary,Name: write. Pencil: use. Hat/glasses: wear. The spelling and polite form are the same.
w043,Verb,Everyday actions,1,하다,해요,do,숙제를 해요.,I do homework.,Original vocabulary,
w044,Verb,Everyday actions,1,좋아하다,좋아해요,like,커피를 좋아해요.,I like coffee.,Original vocabulary,
w045,Verb,Everyday actions,1,공부하다,공부해요,study,한국어를 공부해요.,I study Korean.,Original vocabulary,
w046,Adjective,States and descriptions,1,있다,있어요,exist / have; stay (verb use),시간이 있어요.,I have time.,Original vocabulary,Adjective for existence/possession; also a verb for staying.
w047,Adjective,States and descriptions,1,없다,없어요,not exist / not have,시간이 없어요.,I do not have time.,Original vocabulary,
w048,Adjective,States and descriptions,1,좋다,좋아요,be good,날씨가 좋아요.,The weather is good.,Original vocabulary,
w049,Adjective,States and descriptions,1,크다,커요,be big,가방이 커요.,The bag is big.,Original vocabulary,
w050,Adjective,States and descriptions,1,작다,작아요,be small,공책이 작아요.,The notebook is small.,Original vocabulary,
w051,Adjective,States and descriptions,1,많다,많아요,be many / much,사람이 많아요.,There are many people.,Original vocabulary,
w052,Adjective,States and descriptions,1,쉽다,쉬워요,be easy,문제가 쉬워요.,The question is easy.,Original vocabulary,
w053,Adjective,States and descriptions,1,어렵다,어려워요,be difficult,한국어가 어려워요.,Korean is difficult.,Original vocabulary,
w054,Adjective,States and descriptions,1,재미있다,재미있어요,be fun / interesting,한국어가 재미있어요.,Korean is interesting.,Original vocabulary,
w055,Adjective,States and descriptions,1,아프다,아파요,be sick / hurt,아이가 아파요.,The child is sick.,Original vocabulary,
w056,Noun,Time,1,오늘,,today,오늘은 시간이 많아요.,I have plenty of time today.,Original vocabulary,A noun used as a time expression; it may function adverbially.
w057,Noun,Places,2,방,,room,방에 있어요.,I am in the room.,Original vocabulary,
w058,Noun,Places,2,교실,,classroom,교실에서 공부해요.,I study in the classroom.,Original vocabulary,
w059,Noun,Places,2,식당,,restaurant,식당에서 밥을 먹어요.,I eat at a restaurant.,Original vocabulary,
w060,Noun,Places,2,카페,,cafe,카페에서 만나요.,We meet at a cafe.,Original vocabulary,
w061,Noun,Places,2,가게,,store / shop,가게에서 물을 사요.,I buy water at a store.,Original vocabulary,
w062,Noun,Places,2,병원,,hospital / clinic,병원에 가요.,I go to a hospital.,Original vocabulary,
w063,Noun,Places,2,공원,,park,공원에서 쉬어요.,I rest in the park.,Original vocabulary,
w064,Noun,Places,2,도서관,,library,도서관에서 책을 읽어요.,I read books at the library.,Original vocabulary,
w065,Noun,Places,2,편의점,,convenience store,편의점에서 물을 사요.,I buy water at a convenience store.,Original vocabulary,
w066,Noun,Places,2,은행,,bank,은행에 가요.,I go to the bank.,Original vocabulary,
w067,Noun,Places,2,약국,,pharmacy,약국에서 약을 사요.,I buy medicine at a pharmacy.,Original vocabulary,
w068,Noun,Places,2,우체국,,post office,우체국에 가요.,I go to the post office.,Original vocabulary,
w069,Noun,Places,2,역,,station,역에서 기다려요.,I wait at the station.,Original vocabulary,
w070,Noun,Places,2,공항,,airport,공항에 도착해요.,I arrive at the airport.,Original vocabulary,
w071,Noun,Places,2,화장실,,restroom / bathroom,화장실에 가요.,I go to the restroom.,Original vocabulary,
w072,Noun,Places,2,시장,,market,시장에서 사과를 사요.,I buy apples at a market.,Original vocabulary,
w073,Noun,Places,2,미용실,,hair salon,미용실에 가요.,I go to the hair salon.,Original vocabulary,
w074,Noun,Places,2,서점,,bookstore,서점에서 책을 사요.,I buy books at a bookstore.,Original vocabulary,
w075,Noun,Places,2,영화관,,movie theater,영화관에서 영화를 봐요.,I watch a movie at a movie theater.,Original vocabulary,
w076,Noun,Places,2,부엌,,kitchen,부엌에서 물을 마셔요.,I drink water in the kitchen.,Original vocabulary,
w077,Noun,Places,2,거실,,living room,거실에서 쉬어요.,I rest in the living room.,Original vocabulary,
w078,Noun,Places,2,침실,,bedroom,침실에 있어요.,I am in the bedroom.,Original vocabulary,
w079,Noun,Places,2,사무실,,office,사무실에서 일해요.,I work in an office.,Original vocabulary,
w080,Noun,Places,2,회의실,,meeting room,회의실에서 만나요.,We meet in the meeting room.,Original vocabulary,
w081,Noun,Places,2,엘리베이터,,elevator,엘리베이터에 사람이 있어요.,Someone is in the elevator.,Original vocabulary,
w082,Noun,Places,2,계단,,stairs,계단에서 기다려요.,I wait on the stairs.,Original vocabulary,
w083,Noun,Position,2,앞,,front / in front,학교 앞에서 만나요.,We meet in front of the school.,Original vocabulary,
w084,Noun,Position,2,뒤,,back / behind,학교 뒤에 있어요.,It is behind the school.,Original vocabulary,
w085,Noun,Position,2,안,,inside (noun),방 안에 있어요.,It is inside the room.,Original vocabulary,
w086,Noun,Position,2,밖,,outside,집 밖에 있어요.,It is outside the house.,Original vocabulary,
w087,Noun,Position,2,위,,top / above / on,책상 위에 있어요.,It is on the desk.,Original vocabulary,
w088,Noun,Position,2,아래,,bottom / below / under,책상 아래에 있어요.,It is under the desk.,Original vocabulary,
w089,Verb,Location and actions,2,살다,살아요,live,한국에 살아요.,I live in Korea.,Original vocabulary,
w090,Verb,Location and actions,2,일하다,일해요,work,사무실에서 일해요.,I work in an office.,Original vocabulary,
w091,Verb,Location and actions,2,기다리다,기다려요,wait,역에서 기다려요.,I wait at the station.,Original vocabulary,
w092,Verb,Location and actions,2,쉬다,쉬어요,rest,집에서 쉬어요.,I rest at home.,Original vocabulary,
w093,Verb,Location and actions,2,사다,사요,buy,편의점에서 물을 사요.,I buy water at a convenience store.,Original vocabulary,
w094,Verb,Location and actions,2,만나다,만나요,meet,카페에서 친구를 만나요.,I meet a friend at a cafe.,Original vocabulary,
w095,Verb,Location and actions,2,운동하다,운동해요,exercise,공원에서 운동해요.,I exercise in the park.,Original vocabulary,
w096,Verb,Location and actions,2,도착하다,도착해요,arrive,공항에 도착해요.,I arrive at the airport.,Original vocabulary,
w097,Adjective,Distance,2,가깝다,가까워요,be near / close,집이 역에 가까워요.,My home is near the station.,Original vocabulary,
w098,Adjective,Distance,2,멀다,멀어요,be far,회사가 집에서 멀어요.,My workplace is far from home.,Original vocabulary,
w099,Adverb,Manner and frequency,2,자주,,often,카페에서 자주 만나요.,We often meet at a cafe.,Original vocabulary,
w100,Adverb,Manner and frequency,2,같이,,together,공원에서 같이 쉬어요.,We rest together in the park.,Original vocabulary,
w101,Adverb,Manner and frequency,2,혼자,,alone / by oneself,방에 혼자 있어요.,I am alone in the room.,Original vocabulary,
w102,Adverb,Manner and frequency,2,먼저,,first / before others,교실에 먼저 가요.,I go to the classroom first.,Original vocabulary,
w103,Noun,Transport,3,버스,,bus,버스로 학교에 가요.,I go to school by bus.,Original vocabulary,
w104,Noun,Transport,3,지하철,,subway,지하철로 회사에 가요.,I go to work by subway.,Original vocabulary,
w105,Noun,Transport,3,택시,,taxi,택시로 병원에 가요.,I go to the hospital by taxi.,Original vocabulary,
w106,Noun,Transport,3,자동차,,car,자동차로 공항에 가요.,I go to the airport by car.,Original vocabulary,
w107,Noun,Transport,3,자전거,,bicycle,자전거로 공원에 가요.,I go to the park by bicycle.,Original vocabulary,
w108,Noun,Transport,3,기차,,train,기차로 가요.,I go by train.,Original vocabulary,
w109,Noun,Transport,3,비행기,,airplane,비행기로 한국에 가요.,I go to Korea by plane.,Original vocabulary,
w110,Noun,Transport,3,배,,boat / ship,배로 가요.,I go by boat.,Original vocabulary,
w111,Noun,Transport,3,오토바이,,motorcycle,오토바이로 가요.,I go by motorcycle.,Original vocabulary,
w112,Noun,Direction,3,오른쪽,,right side,오른쪽으로 가요.,I go to the right.,Original vocabulary,
w113,Noun,Direction,3,왼쪽,,left side,왼쪽으로 가요.,I go to the left.,Original vocabulary,
w114,Noun,Direction,3,동쪽,,east,동쪽으로 가요.,I go east.,Original vocabulary,
w115,Noun,Direction,3,서쪽,,west,서쪽으로 가요.,I go west.,Original vocabulary,
w116,Noun,Direction,3,남쪽,,south,남쪽으로 가요.,I go south.,Original vocabulary,
w117,Noun,Direction,3,북쪽,,north,북쪽으로 가요.,I go north.,Original vocabulary,
w118,Noun,Tools and media,3,펜,,pen,펜으로 써요.,I write with a pen.,Original vocabulary,
w119,Noun,Tools and media,3,볼펜,,ballpoint pen,볼펜으로 이름을 써요.,I write my name with a ballpoint pen.,Original vocabulary,
w120,Noun,Tools and media,3,종이,,paper,종이로 만들어요.,I make it out of paper.,Original vocabulary,
w121,Noun,Tools and media,3,칼,,knife,칼로 사과를 잘라요.,I cut an apple with a knife.,Original vocabulary,
w122,Noun,Tools and media,3,가위,,scissors,가위로 종이를 잘라요.,I cut paper with scissors.,Original vocabulary,
w123,Noun,Tools and media,3,숟가락,,spoon,숟가락으로 밥을 먹어요.,I eat rice with a spoon.,Original vocabulary,
w124,Noun,Tools and media,3,젓가락,,chopsticks,젓가락으로 먹어요.,I eat with chopsticks.,Original vocabulary,
w125,Noun,Tools and media,3,컵,,cup,컵으로 물을 마셔요.,I drink water from a cup.,Original vocabulary,
w126,Noun,Tools and media,3,카메라,,camera,카메라로 사진을 찍어요.,I take a photo with a camera.,Original vocabulary,
w127,Noun,Tools and media,3,전화,,phone / phone call,전화로 말해요.,I speak over the phone.,Original vocabulary,
w128,Noun,Tools and media,3,컴퓨터,,computer,컴퓨터로 찾아요.,I search using a computer.,Original vocabulary,
w129,Noun,Tools and media,3,인터넷,,internet,인터넷으로 찾아요.,I search on the internet.,Original vocabulary,
w130,Noun,Tools and media,3,카드,,card / payment card,카드로 사요.,I pay by card.,Original vocabulary,
w131,Noun,Languages,3,영어,,English language,영어로 말해요.,I speak in English.,Original vocabulary,
w132,Noun,Languages,3,중국어,,Chinese language,중국어로 말해요.,I speak in Chinese.,Original vocabulary,
w133,Noun,Languages,3,일본어,,Japanese language,일본어로 말해요.,I speak in Japanese.,Original vocabulary,
w134,Noun,Materials,3,나무,,wood / tree,나무로 책상을 만들어요.,I make a desk out of wood.,Original vocabulary,
w135,Noun,Materials,3,유리,,glass (material),유리로 컵을 만들어요.,I make a cup out of glass.,Original vocabulary,
w136,Noun,Materials,3,플라스틱,,plastic,플라스틱으로 만들어요.,I make it out of plastic.,Original vocabulary,
w137,Noun,Materials,3,쇠,,iron / metal,쇠로 만들어요.,I make it out of metal.,Original vocabulary,
w138,Noun,Jobs,3,의사,,doctor,의사로 일해요.,I work as a doctor.,Original vocabulary,
w139,Noun,Jobs,3,요리사,,cook / chef,요리사로 일해요.,I work as a chef.,Original vocabulary,
w140,Noun,Jobs,3,가수,,singer,가수로 일해요.,I work as a singer.,Original vocabulary,
w141,Noun,Jobs,3,배우,,actor,배우로 일해요.,I work as an actor.,Original vocabulary,
w142,Noun,Jobs,3,직원,,employee / staff member,직원으로 일해요.,I work as an employee.,Original vocabulary,
w143,Verb,Actions and communication,3,말하다,말해요,speak / say,영어로 말해요.,I speak in English.,Original vocabulary,
w144,Verb,Actions and communication,3,보내다,보내요,send,친구에게 사진을 보내요.,I send a photo to a friend.,Original vocabulary,
w145,Verb,Actions and communication,3,만들다,만들어요,make,종이로 만들어요.,I make it out of paper.,Original vocabulary,
w146,Verb,Actions and communication,3,자르다,잘라요,cut,칼로 사과를 잘라요.,I cut an apple with a knife.,Original vocabulary,
w147,Verb,Actions and communication,3,찍다,찍어요,take a photo,카메라로 사진을 찍어요.,I take a photo with a camera.,Original vocabulary,
w148,Verb,Actions and communication,3,찾다,찾아요,look for / find,인터넷으로 정보를 찾아요.,I look for information on the internet.,Original vocabulary,
w149,Verb,Actions and communication,3,바꾸다,바꿔요,change / switch / convert,영어를 한국어로 바꿔요.,I change the English into Korean.,Original vocabulary,
w150,Verb,Actions and communication,3,이동하다,이동해요,move / travel between places,버스로 이동해요.,I travel by bus.,Original vocabulary,
w151,Adverb,Speed,3,빨리,,quickly,오른쪽으로 빨리 가요.,I go to the right quickly.,Original vocabulary,
w152,Adverb,Speed,3,천천히,,slowly,왼쪽으로 천천히 가요.,I go to the left slowly.,Original vocabulary,
w153,Noun,People and family,4,아버지,,father,아버지의 시계예요.,It is my father's watch.,Original vocabulary,
w154,Noun,People and family,4,어머니,,mother,어머니의 휴대폰이에요.,It is my mother's mobile phone.,Original vocabulary,
w155,Noun,People and family,4,형,,older brother (male speaker),형도 학생이에요.,My older brother is a student too.,Original vocabulary,
w156,Noun,People and family,4,누나,,older sister (male speaker),누나도 와요.,My older sister is coming too.,Original vocabulary,
w157,Noun,People and family,4,언니,,older sister (female speaker),언니의 선물이에요.,It is my older sister's gift.,Original vocabulary,
w158,Noun,People and family,4,오빠,,older brother (female speaker),오빠만 와요.,Only my older brother is coming.,Original vocabulary,
w159,Noun,People and family,4,할머니,,grandmother,할머니의 우산이에요.,It is my grandmother's umbrella.,Original vocabulary,
w160,Noun,People and family,4,할아버지,,grandfather,할아버지도 가요.,My grandfather is going too.,Original vocabulary,
w161,Noun,People and family,4,남자,,man,남자도 와요.,A man is coming too.,Original vocabulary,
w162,Noun,People and family,4,여자,,woman,여자만 와요.,Only women are coming.,Original vocabulary,
w163,Noun,Belongings and clothing,4,휴대폰,,mobile phone,휴대폰만 있어요.,I only have a mobile phone.,Original vocabulary,
w164,Noun,Belongings and clothing,4,지갑,,wallet,지갑도 있어요.,I have a wallet too.,Original vocabulary,
w165,Noun,Belongings and clothing,4,돈,,money,돈이 있어요.,I have money.,Original vocabulary,
w166,Noun,Belongings and clothing,4,열쇠,,key,열쇠도 있어요.,I have a key too.,Original vocabulary,
w167,Noun,Belongings and clothing,4,시계,,watch / clock,시계만 봐요.,I only look at the clock.,Original vocabulary,
w168,Noun,Belongings and clothing,4,옷,,clothes,옷도 사요.,I buy clothes too.,Original vocabulary,
w169,Noun,Belongings and clothing,4,신발,,shoes,신발만 사요.,I only buy shoes.,Original vocabulary,
w170,Noun,Belongings and clothing,4,모자,,hat,모자도 써요.,I wear a hat too.,Original vocabulary,
w171,Noun,Belongings and clothing,4,안경,,glasses,안경을 써요.,I wear glasses.,Original vocabulary,
w172,Noun,Belongings and clothing,4,우산,,umbrella,우산도 있어요.,I have an umbrella too.,Original vocabulary,
w173,Noun,Belongings and clothing,4,선물,,gift / present,친구한테 선물을 줘요.,I give a gift to a friend.,Original vocabulary,
w174,Noun,Belongings and clothing,4,꽃,,flower,꽃도 좋아해요.,I like flowers too.,Original vocabulary,
w175,Noun,Food and drink,4,음식,,food,한국 음식을 좋아해요.,I like Korean food.,Original vocabulary,
w176,Noun,Food and drink,4,사과,,apple,사과만 먹어요.,I only eat apples.,Original vocabulary,
w177,Noun,Food and drink,4,빵,,bread,빵도 먹어요.,I eat bread too.,Original vocabulary,
w178,Noun,Food and drink,4,우유,,milk,우유만 마셔요.,I only drink milk.,Original vocabulary,
w179,Noun,Food and drink,4,주스,,juice,주스도 마셔요.,I drink juice too.,Original vocabulary,
w180,Noun,Entertainment and study,4,영화,,movie,영화도 봐요.,I watch movies too.,Original vocabulary,
w181,Noun,Entertainment and study,4,음악,,music,음악을 들어요.,I listen to music.,Original vocabulary,
w182,Noun,Entertainment and study,4,게임,,game,게임도 해요.,I play games too.,Original vocabulary,
w183,Noun,Entertainment and study,4,노래,,song,노래만 들어요.,I only listen to songs.,Original vocabulary,
w184,Noun,Entertainment and study,4,수업,,class / lesson,수업도 있어요.,I have class too.,Original vocabulary,
w185,Noun,Entertainment and study,4,시험,,exam / test,시험을 봐요.,I take an exam.,Original vocabulary,
w186,Noun,Entertainment and study,4,단어,,word,단어도 써요.,I write words too.,Original vocabulary,
w187,Noun,Entertainment and study,4,문장,,sentence,문장만 읽어요.,I only read sentences.,Original vocabulary,
w188,Noun,Entertainment and study,4,페이지,,page,이 페이지를 봐요.,I look at this page.,Original vocabulary,
w189,Verb,Giving and belongings,4,주다,줘요,give,친구에게 선물을 줘요.,I give a gift to a friend.,Original vocabulary,
w190,Verb,Giving and belongings,4,받다,받아요,receive,선물을 받아요.,I receive a gift.,Original vocabulary,
w191,Verb,Giving and belongings,4,빌리다,빌려요,borrow,책도 빌려요.,I borrow books too.,Original vocabulary,
w192,Verb,Giving and belongings,4,잃어버리다,잃어버려요,lose / misplace,열쇠를 자주 잃어버려요.,I often lose my keys.,Original vocabulary,
w193,Verb,Giving and belongings,4,고르다,골라요,choose,선물을 골라요.,I choose a gift.,Original vocabulary,
w194,Verb,Giving and belongings,4,입다,입어요,wear / put on clothes,옷을 입어요.,I put on clothes.,Original vocabulary,
w195,Adjective,Comparison,4,같다,같아요,be the same / alike,모자도 같아요.,The hats are the same too.,Original vocabulary,
w196,Adjective,Comparison,4,다르다,달라요,be different,신발만 달라요.,Only the shoes are different.,Original vocabulary,
w197,Adjective,Comparison,4,필요하다,필요해요,be necessary / needed,우산도 필요해요.,I need an umbrella too.,Original vocabulary,
w198,Adjective,Comparison,4,중요하다,중요해요,be important,시험도 중요해요.,The exam is important too.,Original vocabulary,
w199,Adjective,Comparison,4,비싸다,비싸요,be expensive,옷이 비싸요.,The clothes are expensive.,Original vocabulary,
w200,Adjective,Comparison,4,싸다,싸요,be cheap / inexpensive,신발도 싸요.,The shoes are inexpensive too.,Original vocabulary,
w201,Adverb,Frequency,4,또,,again / also (adverb),친구를 또 만나요.,I meet my friend again.,Original vocabulary,
w202,Adverb,Frequency,4,가끔,,sometimes,가끔 영화도 봐요.,I sometimes watch movies too.,Original vocabulary,
w203,Noun,People and relationships,5,손님,,guest / customer,손님한테 물을 줘요.,I give water to the guest.,Original vocabulary,
w204,Noun,People and relationships,5,사장님,,boss / business owner (respectful),사장님에게 연락해요.,I contact the boss.,Original vocabulary,
w205,Noun,People and relationships,5,경찰,,police / police officer,경찰에게 길을 물어요.,I ask a police officer for directions.,Original vocabulary,
w206,Noun,People and relationships,5,간호사,,nurse,간호사에게 질문해요.,I ask the nurse a question.,Original vocabulary,
w207,Noun,People and relationships,5,남편,,husband,남편한테 전화해요.,I call my husband.,Original vocabulary,
w208,Noun,People and relationships,5,아내,,wife,아내에게 선물을 줘요.,I give my wife a gift.,Original vocabulary,
w209,Noun,People and relationships,5,아들,,son,아들에게 책을 줘요.,I give my son a book.,Original vocabulary,
w210,Noun,People and relationships,5,딸,,daughter,딸한테 편지를 줘요.,I give my daughter a letter.,Original vocabulary,
w211,Noun,People and relationships,5,아기,,baby,아기한테 우유를 줘요.,I give the baby milk.,Original vocabulary,
w212,Noun,People and relationships,5,어린이,,child / children (neutral-polite term),어린이에게 사과를 줘요.,I give an apple to the child.,Original vocabulary,
w213,Noun,People and relationships,5,어른,,adult / grown-up,어른에게 인사해요.,I greet an adult.,Original vocabulary,
w214,Noun,People and relationships,5,친척,,relative,친척에게 연락해요.,I contact a relative.,Original vocabulary,
w215,Noun,People and relationships,5,이웃,,neighbor,이웃에게 도움을 줘요.,I help a neighbor.,Original vocabulary,
w216,Noun,People and relationships,5,동료,,colleague / coworker,동료에게 이메일을 보내요.,I send an email to a colleague.,Original vocabulary,
w217,Noun,People and relationships,5,선배,,senior / more experienced peer,선배한테 물어봐요.,I ask a senior colleague.,Original vocabulary,
w218,Noun,People and relationships,5,후배,,junior / less experienced peer,후배에게 알려줘요.,I tell a junior colleague.,Original vocabulary,
w219,Noun,People and relationships,5,교수,,professor,교수님에게 질문해요.,I ask the professor a question.,Original vocabulary,Use 교수님 when respectfully referring to or addressing a professor.
w220,Noun,People and relationships,5,직장인,,working adult / company employee,직장인에게 시간이 필요해요.,Working people need time.,Original vocabulary,
w221,Noun,People and relationships,5,외국인,,foreigner / person from another country,외국인에게 한국어를 가르쳐요.,I teach Korean to a foreigner.,Original vocabulary,
w222,Noun,People and relationships,5,한국인,,Korean person,한국인한테 물어봐요.,I ask a Korean person.,Original vocabulary,
w223,Noun,Animals,5,동물,,animal,동물한테 물을 줘요.,I give water to an animal.,Original vocabulary,
w224,Noun,Animals,5,강아지,,puppy / pet dog,강아지한테 밥을 줘요.,I feed the dog.,Original vocabulary,
w225,Noun,Animals,5,고양이,,cat,고양이에게 물을 줘요.,I give water to the cat.,Original vocabulary,
w226,Noun,Communication,5,편지,,letter,친구에게 편지를 줘요.,I give a friend a letter.,Original vocabulary,
w227,Noun,Communication,5,이메일,,email,동료에게 이메일을 보내요.,I send an email to a colleague.,Original vocabulary,
w228,Noun,Communication,5,문자,,text message,남편한테 문자를 보내요.,I send my husband a text.,Original vocabulary,
w229,Noun,Communication,5,메시지,,message,아내에게 메시지를 보내요.,I send my wife a message.,Original vocabulary,
w230,Noun,Communication,5,전화번호,,phone number,손님에게 전화번호를 알려줘요.,I tell the customer the phone number.,Original vocabulary,
w231,Noun,Communication,5,주소,,address,친구에게 주소를 알려줘요.,I tell my friend the address.,Original vocabulary,
w232,Noun,Communication,5,질문,,question (something asked),선배에게 질문을 해요.,I ask a senior colleague a question.,Original vocabulary,
w233,Noun,Communication,5,대답,,answer / reply (to someone),선생님에게 대답해요.,I answer the teacher.,Original vocabulary,
w234,Noun,Communication,5,도움,,help / assistance,이웃에게 도움을 줘요.,I help a neighbor.,Original vocabulary,
w235,Noun,Communication,5,연락,,contact / communication,사장님에게 연락을 해요.,I contact the boss.,Original vocabulary,
w236,Noun,Communication,5,이야기,,story / talk,아이한테 이야기를 해요.,I tell a story to the child.,Original vocabulary,
w237,Noun,Communication,5,약속,,promise / appointment,친구에게 약속을 해요.,I make a promise to a friend.,Original vocabulary,
w238,Noun,Communication,5,소식,,news / update,가족에게 소식을 전해요.,I share news with my family.,Original vocabulary,
w239,Noun,Communication,5,정보,,information,손님에게 정보를 줘요.,I give information to the customer.,Original vocabulary,
w240,Noun,Communication,5,조언,,advice,후배에게 조언을 해요.,I give advice to a junior colleague.,Original vocabulary,
w241,Noun,Communication,5,인사,,greeting,어른에게 인사를 해요.,I greet an adult.,Original vocabulary,
w242,Verb,Communication actions,5,전화하다,전화해요,call (by phone),아버지한테 전화해요.,I call my father.,Original vocabulary,
w243,Verb,Communication actions,5,연락하다,연락해요,contact / get in touch,사장님에게 연락해요.,I contact the boss.,Original vocabulary,
w244,Verb,Communication actions,5,묻다,물어요,ask (not bury),경찰에게 길을 물어요.,I ask a police officer for directions.,Original vocabulary,Asking uses the irregular polite form shown above. The homograph meaning bury is regular and is not tested here.
w245,Verb,Communication actions,5,대답하다,대답해요,answer / reply,선생님에게 대답해요.,I answer the teacher.,Original vocabulary,
w246,Verb,Communication actions,5,부탁하다,부탁해요,ask a favor / request,친구한테 도움을 부탁해요.,I ask a friend for help.,Original vocabulary,
w247,Verb,Communication actions,5,알려주다,알려줘요,tell / inform / let someone know,후배에게 주소를 알려줘요.,I tell a junior colleague the address.,Original vocabulary,
w248,Verb,Communication actions,5,가르치다,가르쳐요,teach,외국인에게 한국어를 가르쳐요.,I teach Korean to a foreigner.,Original vocabulary,
w249,Adjective,People and feelings,5,고맙다,고마워요,be thankful / grateful,선배에게 고마워요.,I am grateful to my senior colleague.,Original vocabulary,
w250,Adjective,People and feelings,5,친절하다,친절해요,be kind / helpful,손님에게 친절해요.,I am kind to customers.,Original vocabulary,
w251,Noun,Added everyday vocabulary,0,약,,medicine,약국에서 약을 사요.,I buy medicine at a pharmacy.,Added from source sentence,
w252,Noun,Added everyday vocabulary,0,책상,,desk,책상 위에 책이 있어요.,There is a book on the desk.,Added from source sentence,
w253,Noun,Added everyday vocabulary,0,근처,,vicinity / nearby area,집 근처에 카페가 있어요.,There is a cafe near my home.,Added from source sentence,
w254,Noun,Added everyday vocabulary,0,옆,,side / next to,약국이 병원 옆에 있어요.,The pharmacy is next to the hospital.,Added from source sentence,
w255,Noun,Added everyday vocabulary,0,길,,road / way / directions,경찰에게 길을 물어요.,I ask a police officer for directions.,Added from source sentence,
w256,Noun,Added everyday vocabulary,0,서울,,Seoul,서울로 보내요.,I send it to Seoul.,Added from source sentence,
w257,Noun,Added everyday vocabulary,0,파일,,file (computer),컴퓨터로 파일을 보내요.,I send a file using a computer.,Added from source sentence,
w258,Noun,Added everyday vocabulary,0,차,,tea (drink),차도 마셔요.,I drink tea too.,Added from source sentence,
w259,Noun,Added everyday vocabulary,0,현금,,cash,현금으로 사요.,I pay in cash.,Added from source sentence,
w260,Noun,Added everyday vocabulary,0,아침,,morning / breakfast,아침에 빵을 먹어요.,I eat bread in the morning.,Added from source sentence,
w261,Noun,Added everyday vocabulary,0,생일,,birthday,생일에 선물을 줘요.,I give a gift on a birthday.,Added from source sentence,
w262,Noun,Added everyday vocabulary,0,여권,,passport,여권이 가방 안에 있어요.,The passport is inside the bag.,Added from source sentence,
w263,Noun,Added everyday vocabulary,0,여행,,trip / travel,여행 소식을 보내요.,I send an update about my trip.,Added from source sentence,
w264,Noun,Added everyday vocabulary,0,여행지,,travel destination,여행지에서 사진을 찍어요.,I take photos at my travel destination.,Added from source sentence,
w265,Noun,Added everyday vocabulary,0,주말,,weekend,주말에 뭐 해요?,What do you do on weekends?,Added from source sentence,
w266,Noun,Added everyday vocabulary,0,물건,,thing / item / belonging,어떤 물건이 비싸요?,Which item is expensive?,Added from source sentence,
w267,Noun,Added everyday vocabulary,0,일,,work / task (noun),오늘 일도 해요.,I work today too.,Added from source sentence,
w268,Noun,Added everyday vocabulary,0,운동,,exercise (noun),운동 후에 밥을 먹어요.,I eat after exercising.,Added from source sentence,
w269,Noun,Added everyday vocabulary,0,그다음,,the next step / after that,그다음 어디에 가요?,Where do you go after that?,Added from source sentence,
w270,Dependent noun,Added bound nouns,0,중,,among / middle (bound noun),가족 중에서 누가 커피를 좋아해요?,Who in your family likes coffee?,Added from source sentence,
w271,Dependent noun,Added bound nouns,0,후,,after (bound noun),운동 후에 물을 마셔요.,I drink water after exercising.,Added from source sentence,
w272,Dependent noun,Added bound nouns,0,적,,past experience / occasion (bound noun),배로 여행한 적이 있어요?,Have you ever traveled by boat?,Added from source sentence,
w273,Dependent noun,Added bound nouns,0,수,,possibility / ability (bound noun),버스로 갈 수 있어요.,I can go by bus.,Added from source sentence,
w274,Pronoun,Added questions and pointing,0,뭐,,what (conversational),뭐를 먹어요?,What do you eat?,Added from source sentence,
w275,Pronoun,Added questions and pointing,0,무엇,,what (full form),무엇을 읽어요?,What do you read?,Added from source sentence,
w276,Pronoun,Added questions and pointing,0,이것,,this thing,이건 제 가방이에요.,This is my bag.,Added from source sentence,
w277,Pronoun,Added questions and pointing,0,언제,,when,집에 언제 와요?,When do you come home?,Added from source sentence,
w278,Determiner,Added questions and pointing,0,이,,this (before a noun),이 가방이 커요.,This bag is big.,Added from source sentence,
w279,Determiner,Added questions and pointing,0,그,,that / previously mentioned (before a noun),그 사람에게 메시지를 보내요.,I send a message to that person.,Added from source sentence,
w280,Determiner,Added questions and pointing,0,어떤,,what kind of / which (before a noun),어떤 선물이에요?,What kind of gift is it?,Added from source sentence,
w281,Determiner,Added questions and pointing,0,제,,my (humble; 저의),제 가방이에요.,It is my bag.,Added from source sentence,
w282,Adverb,Added short expressions,0,지금,,now,지금 어디에 있어요?,Where are you now?,Added from source sentence,
w283,Adverb,Added short expressions,0,가까이,,nearby / close by (adverb),친구가 가까이 살아요.,My friend lives nearby.,Added from source sentence,
w284,Adverb,Added short expressions,0,많이,,a lot (adverb),단어를 많이 알아요.,I know many words.,Added from source sentence,
w285,Adverb,Added short expressions,0,어떻게,,how,학교에 어떻게 가요?,How do you go to school?,Added from source sentence,
w286,Adverb,Added short expressions,0,얼마나,,how much / to what extent,얼마나 오래 있어요?,How long do you stay?,Added from source sentence,
w287,Adverb,Added short expressions,0,오래,,for a long time,카페에 오래 있어요.,I stay at the cafe for a long time.,Added from source sentence,
w288,Interjection,Added short expressions,0,네,,yes (polite),"네, 커피를 마셔요.","Yes, I drink coffee.",Added from source sentence,
w289,Interjection,Added short expressions,0,아니요,,no (polite answer),"아니요, 물만 마셔요.","No, I only drink water.",Added from source sentence,
w290,Verb,Added actions and forms,0,배우다,배워요,learn,선생님에게 한국어를 배워요.,I learn Korean from the teacher.,Added from source sentence,
w291,Verb,Added actions and forms,0,듣다,들어요,listen / hear,음악을 들어요.,I listen to music.,Added from source sentence,
w292,Verb,Added actions and forms,0,외우다,외워요,memorize,이 단어만 외워요.,I memorize only this word.,Added from source sentence,
w293,Verb,Added actions and forms,0,질문하다,질문해요,ask a question,선생님에게 질문해요.,I ask the teacher a question.,Added from source sentence,
w294,Verb,Added actions and forms,0,물어보다,물어봐요,ask / inquire,한국인한테 물어봐요.,I ask a Korean person.,Added from source sentence,
w295,Verb,Added actions and forms,0,전하다,전해요,pass on / convey,가족에게 소식을 전해요.,I share news with my family.,Added from source sentence,
w296,Verb,Added actions and forms,0,인사하다,인사해요,greet,어른에게 인사해요.,I greet an adult.,Added from source sentence,
w297,Verb,Added actions and forms,0,알다,알아요,know,한국어 단어를 알아요.,I know Korean words.,Added from source sentence,
w298,Verb,Added actions and forms,0,모르다,몰라요,not know,이 단어를 몰라요.,I do not know this word.,Added from source sentence,
w299,Verb,Added actions and forms,0,타다,타요,ride / take (transport),택시를 타요.,I take a taxi.,Added from source sentence,
w300,Verb,Added actions and forms,0,여행하다,여행해요,travel,기차로 여행해요.,I travel by train.,Added from source sentence,
w301,Verb,Added actions and forms,0,사용하다,사용해요,use,현금을 사용해요.,I use cash.,Added from source sentence,
w302,Verb,Added actions and forms,0,가지다,가져요,have / possess / take,휴대폰을 가지고 있어요.,I have my mobile phone with me.,Added from source sentence,가지고 있어요 is the usual expression for currently having an item with you; 가져요 is not an automatic replacement.
w303,Verb,Added actions and forms,0,넣다,넣어요,put in,가방에 책을 넣어요.,I put a book in the bag.,Added from source sentence,
w304,Verb,Added actions and forms,0,이야기하다,이야기해요,talk / tell a story,친구와 이야기해요.,I talk with a friend.,Added from source sentence,
w305,Verb,Added actions and forms,0,보여주다,보여줘요,show (to someone),친구한테 사진을 보여줘요.,I show a photo to a friend.,Added from source sentence,
w306,Adjective,Added actions and forms,0,편하다,편해요,be comfortable / convenient,지하철이 편해요.,The subway is convenient.,Added from source sentence,
w307,Auxiliary,Added actions and forms,0,싶다,싶어요,want to (after -고),한국에 가고 싶어요.,I want to go to Korea.,Added from source sentence,
w308,Copula,Added actions and forms,0,이다,이에요 / 예요,be (identity; after a noun),저는 학생이에요.,I am a student.,Added from source sentence,
